participant_id,model_condition
P1329,challenging
P1006,balanced
P0258,challenging
P0092,syco
P0047,balanced
P0880,challenging
P1183,balanced
P0933,syco
P1356,balanced
P1304,challenging
P0903,challenging
P1031,challenging
P0018,balanced
P0786,challenging
P0469,syco
P0437,syco
P1052,challenging
P1397,challenging
P0277,balanced
P1402,balanced
P0930,syco
P1115,challenging
P0009,balanced
P0425,balanced
P0932,challenging
P0668,balanced
P0381,challenging
P0750,syco
P0168,syco
P1219,syco
P0806,challenging
P0297,syco
P0046,challenging
P1112,challenging
P1083,syco
P0322,balanced
P0827,balanced
P0044,syco
P0542,challenging
P1190,challenging
P0609,challenging
P0586,syco
P1119,syco
P0528,balanced
P0864,syco
P1341,syco
P0831,balanced
P0143,challenging
P1276,challenging
P0969,syco
P1203,balanced
P1084,syco
P0995,challenging
P1245,balanced
P0882,challenging
P0173,syco
P1262,syco
P1026,syco
P1351,syco
P0512,syco
P0038,challenging
P1016,balanced
P1239,balanced
P0225,balanced
P0120,syco
P0626,syco
P1283,syco
P0429,syco
P0214,balanced
P1254,syco
P0480,balanced
P1265,challenging
P0883,balanced
P1141,challenging
P0804,syco
P0498,balanced
P0706,challenging
P0956,syco
P1038,balanced
P0716,balanced
P1121,syco
P0963,balanced
P0255,syco
P1292,balanced
P1104,balanced
P1048,challenging
P1049,syco
P1256,syco
P1003,syco
P0823,challenging
P1333,balanced
P0742,syco
P0536,balanced
P1010,challenging
P1328,syco
P1377,challenging
P1348,challenging
P0725,challenging
P0513,balanced
P0285,challenging
P0897,syco
P0026,challenging
P0444,challenging
P0093,syco
P0460,syco
P1249,balanced
P0099,challenging
P0181,syco
P0302,balanced
P1185,syco
P1395,challenging
P0759,challenging
P0595,challenging
P0635,balanced
P0895,challenging
P0855,balanced
P0646,syco
P0558,challenging
P0307,syco
P1386,balanced
P0264,syco
P0340,challenging
P0468,balanced
P0304,syco
P1357,challenging
P1039,challenging
P0379,balanced
P0885,syco
P1072,syco
P0651,syco
P0486,syco
P0349,syco
P0984,balanced
P0231,syco
P0080,syco
P0074,syco
P0471,syco
P0014,challenging
P0748,challenging
P0487,balanced
P1266,syco
P0169,challenging
P1379,syco
P0920,balanced
P0088,balanced
P1187,challenging
P1158,syco
P1138,syco
P1282,balanced
P0035,syco
P0802,syco
P0234,challenging
P1009,syco
P0958,balanced
P0386,syco
P1311,syco
P0621,challenging
P0071,challenging
P0559,balanced
P0436,balanced
P0717,syco
P0184,challenging
P0810,balanced
P0790,syco
P0964,balanced
P1204,syco
P0068,challenging
P1360,syco
P0363,balanced
P0492,syco
P0185,challenging
P1000,challenging
P0309,challenging
P0583,challenging
P0077,syco
P0483,syco
P0981,syco
P0530,balanced
P0820,challenging
P0161,balanced
P0617,challenging
P0959,balanced
P0584,challenging
P0382,syco
P0921,balanced
P0938,balanced
P1151,challenging
P1326,challenging
P0287,syco
P1206,syco
P0518,challenging
P0119,syco
P0431,balanced
P1302,syco
P0377,syco
P0607,balanced
P1295,syco
P0872,balanced
P1331,syco
P0401,balanced
P1236,challenging
P1129,balanced
P0404,balanced
P0021,challenging
P0272,syco
P1275,balanced
P1374,challenging
P0177,challenging
P0560,challenging
P0290,balanced
P1370,challenging
P0829,challenging
P0972,syco
P1306,syco
P0245,balanced
P1171,syco
P1199,balanced
P0683,syco
P0943,syco
P1342,syco
P1133,syco
P0248,challenging
P0509,syco
P0249,challenging
P0669,syco
P0687,challenging
P0167,balanced
P1392,balanced
P0576,challenging
P0908,syco
P0073,challenging
P0986,syco
P0056,balanced
P0116,challenging
P0807,balanced
P0936,challenging
P1281,balanced
P0189,balanced
P1400,balanced
P0737,challenging
P0141,balanced
P1002,balanced
P0190,syco
P0191,challenging
P0778,balanced
P1350,syco
P0719,balanced
P0010,challenging
P0753,syco
P0434,challenging
P0050,challenging
P0144,syco
P0935,balanced
P1174,syco
P0142,syco
P0888,balanced
P0107,challenging
P0899,balanced
P1177,syco
P0396,balanced
P0051,challenging
P0728,balanced
P0615,syco
P1240,challenging
P0389,syco
P1165,balanced
P0337,challenging
P0745,syco
P1021,challenging
P1409,syco
P0188,balanced
P0766,challenging
P1113,balanced
P0654,balanced
P0690,balanced
P0338,challenging
P0809,balanced
P0992,challenging
P0212,balanced
P0604,challenging
P0013,syco
P0368,balanced
P0511,syco
P0664,challenging
P0501,balanced
P0828,balanced
P0890,challenging
P0347,balanced
P0634,challenging
P0238,syco
P0630,challenging
P0503,challenging
P1069,balanced
P0775,challenging
P1228,challenging
P0344,balanced
P0667,syco
P0083,challenging
P0139,balanced
P0878,syco
P0760,syco
P0162,balanced
P1207,challenging
P0948,challenging
P0566,challenging
P1325,syco
P0430,syco
P1320,syco
P1195,balanced
P1284,challenging
P0941,challenging
P0320,challenging
P0879,balanced
P1353,balanced
P0362,syco
P0632,balanced
P1156,challenging
P0798,syco
P0100,balanced
P0579,challenging
P0508,syco
P0618,challenging
P0701,balanced
P0658,syco
P0078,syco
P1372,challenging
P1212,challenging
P0198,challenging
P0294,challenging
P0601,balanced
P1346,challenging
P1181,balanced
P0834,syco
P0201,syco
P0321,balanced
P0317,syco
P0552,syco
P0568,syco
P1153,balanced
P1322,challenging
P0435,syco
P1278,challenging
P1317,syco
P0974,syco
P1358,challenging
P1310,challenging
P0148,syco
P0257,syco
P1407,syco
P0724,balanced
P0998,syco
P0033,syco
P1176,challenging
P1339,balanced
P0949,syco
P1213,syco
P0980,syco
P0876,balanced
P0650,syco
P0306,syco
P0045,challenging
P1036,challenging
P0333,syco
P1242,balanced
P1118,syco
P1321,challenging
P0533,challenging
P0988,balanced
P0221,challenging
P1300,balanced
P0867,challenging
P1210,challenging
P0329,challenging
P0721,balanced
P0771,challenging
P0606,challenging
P0197,balanced
P1271,challenging
P0754,syco
P0978,balanced
P0923,balanced
P1294,syco
P1343,syco
P0572,challenging
P1391,balanced
P0547,balanced
P0803,syco
P0774,balanced
P1154,balanced
P0040,challenging
P0656,syco
P1070,balanced
P0146,balanced
P0213,challenging
P1389,syco
P0163,challenging
P0927,balanced
P0067,balanced
P1051,syco
P0470,syco
P0104,challenging
P0288,balanced
P1411,syco
P1045,challenging
P1201,syco
P0459,challenging
P0744,syco
P0041,challenging
P1226,syco
P0686,balanced
P0898,syco
P0408,syco
P0453,challenging
P0624,balanced
P1225,syco
P1344,balanced
,
P0011,balanced
P0266,challenging
P1116,balanced
P1040,balanced
P0889,balanced
P1092,balanced
P0704,balanced
P1318,balanced
P0770,balanced
P0053,balanced
P0458,challenging
P1253,balanced
P1143,balanced
P0693,challenging
P1192,challenging
P0510,syco
P0863,syco
P1043,syco
P0084,challenging
P1340,syco
P0075,balanced
P0582,challenging
P0527,challenging
P0623,balanced
P0341,challenging
P1103,syco
P0123,balanced
P1373,challenging
P0886,challenging
P0565,syco
P1008,challenging
P0400,balanced
P0950,challenging
P0239,balanced
P0739,challenging
P0179,balanced
P1029,balanced
P0747,syco
P0500,challenging
P0072,syco
P0822,balanced
P0816,challenging
P0128,balanced
P0830,balanced
P0336,challenging
P0871,syco
P0844,challenging
P1223,syco
P0112,challenging
P0720,challenging
P0455,balanced
P0473,challenging
P0477,syco
P1033,syco
P0273,balanced
P0781,syco
P0475,balanced
P1410,balanced
P0846,balanced
P0743,syco
P0129,balanced
P0252,challenging
P0695,balanced
P0351,challenging
P0946,challenging
P1399,challenging
P0356,challenging
P0489,balanced
P1100,balanced
P1209,syco
P0134,challenging
P0313,syco
P0147,challenging
P0954,challenging
P0380,balanced
P1109,challenging
P0698,challenging
P0394,challenging
P0952,balanced
P0755,balanced
P0791,balanced
P0659,balanced
P1288,challenging
P0613,balanced
P1235,challenging
P1169,balanced
P1376,syco
P0086,syco
P0268,balanced
P0874,syco
P0709,syco
P0546,balanced
P0564,balanced
P1394,balanced
P1231,balanced
P0243,syco
P1314,syco
P0540,syco
P0792,syco
P0539,challenging
P0647,challenging
P0025,challenging
P1371,syco
P0438,challenging
P0236,challenging
P0036,syco
P1238,syco
P0901,syco
P0592,balanced
P0729,balanced
P0005,balanced
P0199,syco
P1263,balanced
P1363,syco
P0196,balanced
P1216,syco
P0801,challenging
P1405,balanced
P0653,syco
P0359,syco
P0715,challenging
P1390,challenging
P1162,syco
P0555,syco
P0602,challenging
P0537,balanced
P1359,syco
P0432,balanced
P0598,syco
P0133,balanced
P0997,balanced
P0195,challenging
P0534,balanced
P0848,balanced
P1366,balanced
P0685,balanced
P1128,challenging
P0055,challenging
P0383,balanced
P0219,challenging
P0684,challenging
P1107,syco
P1023,syco
P0600,challenging
P1058,balanced
P0550,syco
P0097,syco
P1019,balanced
P0007,challenging
P0541,balanced
P0331,syco
P1035,challenging
P0951,challenging
P0298,challenging
P0522,balanced
P0457,challenging
P1015,challenging
P1369,syco
P0497,challenging
P0814,challenging
P1182,challenging
P0446,challenging
P0928,challenging
P1403,syco
P0323,syco
P0925,balanced
P0165,balanced
P1269,balanced
P0472,balanced
P0227,balanced
P0749,balanced
P0573,balanced
P0365,challenging
P0153,balanced
P1208,balanced
P0043,syco
P0467,syco
P0629,syco
P0281,challenging
P0645,syco
P0054,syco
P1270,challenging
P0160,balanced
P0156,syco
P0614,balanced
P0515,balanced
P0265,syco
P0293,challenging
P0427,syco
P0799,syco
P0752,challenging
P1125,challenging
P0575,syco
P1152,balanced
P0857,syco
P1032,syco
P0772,balanced
P0968,balanced
P1205,balanced
P0098,syco
P0286,balanced
P0420,challenging
P1004,syco
P0859,balanced
P0448,syco
P0788,balanced
P0282,balanced
P0024,syco
P1093,balanced
P1064,challenging
P0758,syco
P0237,balanced
P1089,syco
P0426,syco
P0688,challenging
P0049,challenging
P0224,balanced
P1011,balanced
P0960,challenging
P0678,balanced
P1091,challenging
P0154,balanced
P1384,challenging
P1259,balanced
P1257,syco
P0544,challenging
P0694,syco
P0902,syco
P1273,challenging
P0474,challenging
P1378,balanced
P0796,syco
P1155,challenging
P1264,balanced
P0441,balanced
P1362,challenging
P1056,challenging
P0970,challenging
P1243,challenging
P1062,challenging
P1126,balanced
P1076,balanced
P0506,challenging
P0235,challenging
P1347,balanced
P1074,syco
P0784,challenging
P1244,challenging
P1250,challenging
P0410,syco
P0417,challenging
P0955,syco
P1090,balanced
P0825,syco
P0178,syco
P0991,challenging
P1258,challenging
P0976,syco
P0278,syco
P1028,balanced
P0805,balanced
P0106,syco
P1218,challenging
P1095,challenging
P0852,syco
P0407,syco
P0918,syco
P1025,syco
P1168,challenging
P0031,syco
P0193,balanced
P1161,syco
P0545,syco
P0702,balanced
P0494,syco
P1277,balanced
P0757,challenging
P0915,syco
P1211,challenging
P0563,balanced
P0140,syco
P0215,balanced
P0186,challenging
P0454,balanced
P0619,balanced
P0311,balanced
P0052,challenging
P0657,syco
P0826,balanced
P0947,balanced
P1368,balanced
P0330,syco
P0597,challenging
P0019,challenging
P1136,balanced
P0462,balanced
P1380,balanced
P0861,syco
P1131,balanced
P0640,syco
P0499,syco
P0085,balanced
P0504,balanced
P0983,syco
P0957,syco
P1106,challenging
P0990,balanced
P0633,syco
P0793,challenging
P0023,challenging
P0332,balanced
P0183,challenging
P1111,balanced
P1191,syco
P0004,balanced
P0556,balanced
P0062,challenging
P0711,challenging
P0034,syco
P0485,syco
P0993,challenging
P0260,challenging
P0039,syco
P0172,challenging
P1014,challenging
P0761,balanced
P0138,challenging
P0209,syco
P0837,balanced
P0581,challenging
P0557,syco
P0519,challenging
P1055,challenging
P0853,syco
P0785,syco
P0502,challenging
P0090,balanced
P1261,syco
P0996,challenging
P0840,challenging
P0342,balanced
P0456,balanced
P0405,challenging
P1251,balanced
P1057,syco
P0171,challenging
P1214,balanced
P1393,balanced
P0612,challenging
P0136,syco
P1142,balanced
P0484,balanced
P0738,syco
P0415,challenging
P0428,challenging
P1401,syco
P0514,balanced
P1120,syco
P0228,balanced
P1179,balanced
P0838,balanced
P0942,balanced
P0910,syco
P0295,balanced
P0192,balanced
P0244,balanced
P0594,challenging
P0696,challenging
P0768,balanced
P0210,challenging
P0516,challenging
P0585,syco
P0900,challenging
P0881,balanced
P0251,challenging
P0817,balanced
P0222,challenging
P1383,syco
P0240,balanced
P0824,balanced
P0392,syco
P1135,balanced
P0789,challenging
P0131,balanced
P1060,challenging
P1020,syco
P1345,syco
P0254,syco
P0850,balanced
P1147,challenging
P0712,challenging
P0058,balanced
P0187,syco
P0985,challenging
P0726,syco
P0203,syco
P1233,balanced
P0553,syco
P0905,challenging
P0596,challenging
P0418,syco
P0818,balanced
P0316,balanced
P0884,balanced
P0672,challenging
P0241,challenging
P1412,challenging
P0906,syco
P0870,syco
P0866,balanced
P0271,syco
P0223,challenging
P0325,syco
P1114,balanced
P0108,balanced
P0113,syco
P0289,syco
P1327,syco
P0094,syco
P0638,balanced
P1352,balanced
P0735,challenging
P1286,challenging
P0625,challenging
P0048,balanced
P1268,balanced
P0538,syco
P1196,balanced
P0211,syco
P0648,balanced
P0232,balanced
P0030,challenging
P1198,syco
P1027,challenging
P0200,balanced
P0059,syco
P0616,syco
P0391,syco
P0170,syco
P0328,challenging
P0851,challenging
P1241,syco
P0253,challenging
P0355,challenging
P1227,balanced
P1382,balanced
P1222,challenging
P0681,challenging
P0412,balanced
P0174,syco
P0416,balanced
P0767,balanced
P0892,challenging
P1075,syco
P0727,challenging
P0708,syco
P0063,syco
P0103,challenging
P0027,balanced
P0096,syco
P1385,challenging
P0865,syco
P0673,balanced
P0849,syco
P0896,balanced
P0862,balanced
P1017,balanced
P0440,syco
P1252,challenging
P1230,syco
P0339,syco
P1336,challenging
P1260,syco
P1088,challenging
P0819,syco
P1130,syco
P0608,challenging
P1067,balanced
P0226,challenging
P0660,challenging
P0466,syco
P0833,challenging
P1299,syco
P0387,syco
P1381,syco
P0628,balanced
P1080,challenging
P0841,balanced
P1313,balanced
P1127,challenging
P0525,challenging
P1308,challenging
P0733,balanced
P0124,syco
P0762,challenging
P0081,challenging
P0578,challenging
P0965,balanced
P0922,challenging
P1085,challenging
P0269,syco
P0610,balanced
P0270,balanced
P0312,syco
P0082,challenging
P1149,balanced
P0919,balanced
P1324,challenging
P0675,balanced
P1189,challenging
P1298,balanced
P1234,challenging
P0145,balanced
P0042,syco
P0714,balanced
P0531,syco
P0532,challenging
P0940,syco
P0105,balanced
P0176,syco
P1180,balanced
P0549,syco
P0109,balanced
P0385,challenging
P0411,challenging
P0523,syco
P0843,balanced
P0327,balanced
P0699,syco
P0496,challenging
P0037,balanced
P0937,syco
P0697,challenging
P0267,syco
P1305,syco
P1132,balanced
P1285,challenging
P0015,syco
P1102,balanced
P0310,balanced
P0370,challenging
P1287,balanced
P1303,syco
P1024,balanced
P0543,balanced
P0821,syco
P0914,balanced
P0115,syco
P0461,balanced
P0567,syco
P0674,challenging
P0800,challenging
P0746,balanced
P1005,syco
P0734,challenging
P0655,syco
P0977,syco
P0529,balanced
P0979,balanced
P0157,syco
P1296,challenging
P0524,challenging
P1186,syco
P0346,challenging
P1337,challenging
P0463,challenging
P0206,balanced
P0691,balanced
P0570,balanced
P0931,challenging
P1108,syco
P0662,syco
P0366,syco
P1297,challenging
P0166,syco
P0324,syco
P0158,balanced
P1157,balanced
P1164,challenging
P0520,syco
P0132,challenging
P0300,challenging
P0433,challenging
P0348,syco
P0216,challenging
P0907,challenging
P0627,syco
P0378,syco
P0858,challenging
P0375,syco
P0319,balanced
P0424,syco
P1173,balanced
P0780,balanced
P0479,challenging
P0700,syco
P0836,challenging
P1172,challenging
P1063,syco
